{
  "_generated": "Generated by SweetTooth, do not edit", 
  "description": "Display a window list at the bottom of the screen.\nThis extension is part of Classic Mode and is officially supported by GNOME. Please do not report bugs using the form below, use GNOME's GitLab instance instead.", 
  "extension-id": "window-list", 
  "gettext-domain": "gnome-shell-extensions", 
  "name": "Window List", 
  "settings-schema": "org.gnome.shell.extensions.window-list", 
  "shell-version": [
    "3.28"
  ], 
  "url": "https://gitlab.gnome.org/GNOME/gnome-shell-extensions", 
  "uuid": "window-list@gnome-shell-extensions.gcampax.github.com", 
  "version": 24
}