{
  "_generated": "Generated by SweetTooth, do not edit", 
  "description": "Substitute Alt-Tab with a window based switcher that does not group by application.\nThis extension is part of Classic Mode and is officially supported by GNOME. Please do not report bugs using the form below, use GNOME's GitLab instance instead.", 
  "extension-id": "alternate-tab", 
  "gettext-domain": "gnome-shell-extensions", 
  "name": "AlternateTab", 
  "original-authors": [
    "jw@bargsten.org", 
    "thomas.bouffon@gmail.com"
  ], 
  "settings-schema": "org.gnome.shell.extensions.alternate-tab", 
  "shell-version": [
    "3.28"
  ], 
  "url": "https://gitlab.gnome.org/GNOME/gnome-shell-extensions", 
  "uuid": "alternate-tab@gnome-shell-extensions.gcampax.github.com", 
  "version": 38
}